,id,property_type,room_type,neighbourhood,accommodates,bedrooms,beds,price,predicted_price
1,3075044,0,1,22,2,1.0,1.0,65,82.42004145382874
6,5706985,0,0,30,3,1.0,2.0,100,189.59951802313915
7,2843445,8,1,22,2,1.0,1.0,75,70.50091168209666
8,753446,4,1,22,2,1.0,2.0,58,92.25921588012615
17,13512930,4,1,22,2,1.0,1.0,75,84.60690284063735
19,7252607,8,1,30,2,1.0,1.0,49,88.5901642080637
20,2583074,12,1,22,1,1.0,1.0,40,70.94402858167386
23,6400432,8,0,30,8,3.0,5.0,150,228.3284080131515
24,5498472,8,0,22,5,4.0,3.0,175,215.03142353731093
25,894539,8,1,22,2,1.0,1.0,95,70.50091168209666
26,879929,0,1,22,2,1.0,1.0,90,82.42004145382874
32,14690527,0,0,22,4,1.0,2.0,150,157.87664306069306
38,4922204,8,0,22,16,3.0,7.0,200,222.94808338401876
39,4085362,8,1,22,2,1.0,1.0,75,70.50091168209666
40,3755609,8,1,22,1,1.0,1.0,78,52.365394459089565
41,13768853,0,1,22,4,1.0,2.0,50,108.53440471161025
48,8473851,8,1,22,2,1.0,1.0,50,70.50091168209666
50,1591827,8,1,22,2,1.0,1.0,60,70.50091168209666
51,3229255,0,0,22,3,1.0,1.0,95,146.51867152034194
55,12927298,8,0,22,7,3.0,3.0,285,221.60581447279452
63,6730758,0,1,17,4,1.0,2.0,100,95.96823634597469
68,4792901,8,1,17,2,1.0,1.0,65,81.65773668553484
70,5601743,8,1,17,2,1.0,1.0,46,81.65773668553484
71,13333862,0,1,17,3,1.0,1.0,75,88.66231503328262
73,14090779,4,1,17,2,1.0,1.0,69,92.58559799897435
74,8481291,0,1,17,2,1.0,1.0,69,77.13326455507735
76,197727,0,1,17,1,1.0,1.0,85,45.360366122949145
79,9677354,0,1,17,1,1.0,1.0,70,45.360366122949145
81,7956634,4,1,17,2,1.0,1.0,61,92.58559799897435
83,1030500,0,1,17,2,1.0,1.0,100,77.13326455507735
90,14361322,0,1,17,1,1.0,1.0,40,45.360366122949145
94,2538536,0,0,30,3,1.0,1.0,149,178.52144471294898
96,4767023,8,0,17,5,3.0,4.0,205,183.58887300456098
98,7986179,0,0,17,2,1.0,1.0,75,122.39080337070392
101,1067184,0,1,17,2,1.0,1.0,95,77.13326455507735
104,1301500,0,1,17,2,1.0,1.0,69,77.13326455507735
114,14105971,0,0,17,2,0.0,1.0,119,98.6610486630519
132,2308630,0,0,17,4,2.0,2.0,200,189.67005847347693
134,12368012,8,0,17,6,3.0,4.0,295,222.03649393900545
136,6322283,0,1,17,1,1.0,1.0,69,45.360366122949145
144,4765070,8,0,17,2,0.0,1.0,90,93.67671536776615
145,2880944,0,0,17,4,2.0,2.0,185,189.67005847347693
157,12727401,0,1,17,2,1.0,1.0,50,77.13326455507735
158,2077794,0,0,17,4,1.0,1.0,119,134.1997520790701
160,13677640,0,1,17,2,1.0,1.0,53,77.13326455507735
166,27611,0,0,17,2,1.0,1.0,185,122.39080337070392
169,12071820,0,2,17,2,1.0,1.0,70,62.511847145575224
172,12022134,0,1,17,2,1.0,1.0,92,77.13326455507735
176,14933380,0,2,30,1,1.0,1.0,49,55.395815253568635
178,1929406,8,0,17,6,4.0,4.0,275,279.8426219675209
181,8354938,0,0,17,5,2.0,3.0,192,211.28721172815625
189,1754939,8,0,17,5,2.0,3.0,150,186.94386982764343
194,12463555,0,0,17,4,2.0,4.0,145,210.60714998015274
195,9137560,0,1,17,2,1.0,1.0,80,77.13326455507735
196,3616081,0,0,17,3,1.0,2.0,114,140.94587693144027
201,732932,0,1,17,2,1.0,1.0,80,77.13326455507735
202,749247,0,1,17,2,1.0,1.0,85,77.13326455507735
208,629814,0,0,17,4,2.0,2.0,225,189.67005847347693
209,1222327,8,0,17,4,2.0,2.0,178,174.53426254054918
215,9971054,0,1,17,2,1.0,1.0,50,77.13326455507735
218,3021446,0,1,17,2,1.0,1.0,80,77.13326455507735
224,12052288,0,0,17,4,1.0,2.0,130,141.2257751616012
225,9676551,0,1,30,2,1.0,1.0,76,106.35405366441431
229,2884903,0,1,17,2,1.0,1.0,70,77.13326455507735
232,40601,8,1,17,2,1.0,1.0,95,81.65773668553484
233,12033661,1,1,17,2,1.0,2.0,70,91.62151590720397
235,12868343,8,1,17,1,1.0,1.0,70,61.938721632882185
236,14474750,6,0,17,6,2.0,3.0,155,200.81067813908095
242,6939162,9,0,17,4,1.0,1.0,130,166.92704103380174
243,13640138,0,1,17,3,1.0,1.0,29,88.66231503328262
248,5801643,0,1,17,2,1.0,1.0,46,77.13326455507735
252,8283433,0,0,17,7,2.0,4.0,300,201.78367834366236
253,14573919,0,0,17,5,2.0,3.0,200,211.28721172815625
261,11739985,8,0,30,5,2.0,4.0,189,200.99961038654354
263,7693009,0,1,30,2,1.0,1.0,55,106.35405366441431
267,14428514,0,2,30,1,1.0,1.0,22,55.395815253568635
268,3021862,8,1,17,2,1.0,1.0,90,81.65773668553484
281,12081834,0,0,17,4,1.0,1.0,175,134.1997520790701
282,14260905,0,0,17,5,2.0,3.0,175,211.28721172815625
289,8067585,0,1,30,2,1.0,1.0,83,106.35405366441431
295,14415125,4,0,17,5,2.0,2.0,275,193.85500376261413
298,14566386,0,0,30,3,2.0,3.0,160,241.6258787347695
304,13621476,0,1,17,2,1.0,1.0,95,77.13326455507735
309,1692573,8,0,17,4,2.0,3.0,135,190.80126284873168
314,12824498,0,1,17,2,1.0,1.0,70,77.13326455507735
320,14672735,0,1,17,1,1.0,1.0,65,45.360366122949145
325,9212213,4,0,30,2,1.0,1.0,65,153.3575323668232
326,8310894,0,0,17,3,1.0,1.0,99,133.91985384890916
338,12209339,0,1,17,2,1.0,1.0,125,77.13326455507735
339,8981656,1,1,17,2,1.0,1.0,85,92.8336115236105
341,9833460,8,0,17,6,2.0,4.0,250,231.95218933892318
346,6425318,1,1,17,2,1.0,1.0,60,92.8336115236105
354,4339392,0,0,17,3,2.0,2.0,170,175.81686680969594
359,4065322,0,1,17,2,1.0,1.0,84,77.13326455507735
363,4457943,11,1,17,2,1.0,1.0,86,97.24255381307259
371,2295530,8,1,17,3,1.0,2.0,99,78.0315126711437
373,6914622,8,0,30,2,1.0,1.0,225,138.190239687603
374,13697486,0,1,17,2,1.0,1.0,50,77.13326455507735
376,13041752,11,1,17,1,1.0,1.0,48,80.12786585794234
378,1885386,8,1,17,2,1.0,1.0,85,81.65773668553484
384,5293067,8,1,17,2,1.0,1.0,49,81.65773668553484
386,14161407,4,0,17,4,2.0,2.0,180,184.67150163191673
387,11912139,0,1,17,2,1.0,1.0,60,77.13326455507735
393,6291807,0,0,17,4,2.0,2.0,119,189.67005847347693
403,7225376,0,1,20,2,1.0,1.0,75,82.91474590030914
404,5660081,9,1,20,2,1.0,1.0,30,103.78773402735749
409,12320063,0,1,20,1,1.0,1.0,55,51.14184746818092
411,7871576,0,1,20,1,1.0,1.0,60,51.14184746818092
412,5904992,0,1,20,2,1.0,1.0,79,82.91474590030914
414,66288,0,0,20,2,0.0,1.0,75,109.36132467169301
416,6629929,0,1,20,2,1.0,1.0,105,82.91474590030914
418,4160585,8,1,20,1,1.0,1.0,85,61.938721632882185
420,195515,0,0,20,2,1.0,1.0,199,129.49097728791781
430,12497846,0,1,20,1,1.0,1.0,90,51.14184746818092
435,6387077,0,0,20,2,0.0,1.0,140,109.36132467169301
437,1471308,0,1,20,2,1.0,1.0,70,82.91474590030914
438,13521713,0,0,20,3,1.0,1.0,208,142.66387117570252
447,10051003,0,0,20,2,1.0,1.0,65,129.49097728791781
459,9824155,0,1,20,2,1.0,1.0,49,82.91474590030914
460,13624971,0,1,30,1,1.0,1.0,35,70.01723266307076
463,10478553,0,1,20,2,1.0,1.0,100,82.91474590030914
464,14854164,4,1,20,2,1.0,1.0,90,94.4084116795268
468,8184662,0,0,20,3,1.0,1.0,169,142.66387117570252
469,12264207,0,0,20,5,2.0,4.0,150,221.40588858704234
477,14668008,0,1,20,2,1.0,1.0,42,82.91474590030914
478,10131503,0,0,20,5,2.0,2.0,199,200.46879708036653
479,7280665,0,2,20,1,1.0,3.0,40,55.330467899678005
482,13000520,4,1,20,2,1.0,1.0,80,94.4084116795268
486,5412487,9,0,20,4,2.0,3.0,160,226.9106830449801
503,13651290,0,0,20,2,0.0,2.0,55,107.01552381316114
504,3198169,0,1,20,2,1.0,1.0,110,82.91474590030914
510,7379913,0,1,20,2,1.0,1.0,130,82.91474590030914
513,4409653,0,0,30,4,1.0,2.0,246,192.0427620701426
516,8390386,0,0,20,4,1.0,1.0,100,142.94376940586346
519,5967936,0,0,20,2,1.0,1.0,175,129.49097728791781
523,14235257,0,2,30,2,1.0,2.0,75,102.81070956510234
525,7637094,4,0,12,4,2.0,2.0,100,262.63914931053796
526,4518756,0,0,1,4,1.0,1.0,165,219.61981519045534
534,11398458,0,0,1,3,1.0,1.0,350,219.3399169602944
537,12265433,0,0,30,4,2.0,2.0,400,238.27650044455393
544,9825415,0,1,1,2,1.0,1.0,90,160.88509200621283
554,8014683,4,0,18,2,1.0,1.0,179,130.1428809030442
555,3359170,0,0,30,4,2.0,2.0,399,238.27650044455393
556,12303347,0,0,7,3,1.0,1.0,219,204.43273983136314
557,3401809,0,0,7,2,1.0,1.0,289,197.89060149521308
566,14246956,0,0,7,4,2.0,2.0,215,252.28247793825113
567,2848393,0,0,7,8,4.0,6.0,375,344.60681288761157
568,14573486,0,0,7,4,1.0,2.0,270,208.47698333974748
572,10611728,0,0,7,3,1.0,1.0,219,204.43273983136314
581,12986892,0,0,7,4,1.0,2.0,229,208.47698333974748
583,7630340,0,0,7,4,1.0,2.0,149,208.47698333974748
589,10116726,0,0,7,3,1.0,1.0,169,204.43273983136314
592,14918194,0,2,30,1,1.0,1.0,100,55.395815253568635
595,12284774,0,0,7,3,0.0,1.0,209,170.71953649479005
596,10117472,0,0,7,5,2.0,2.0,199,254.33719921834734
601,10034113,0,0,7,5,2.0,2.0,319,254.33719921834734
602,11968079,0,0,7,3,1.0,1.0,169,204.43273983136314
611,10116601,0,0,7,3,1.0,1.0,169,204.43273983136314
612,11981674,0,0,7,5,2.0,2.0,199,254.33719921834734
615,11772497,0,0,30,6,2.0,2.0,255,233.28618635362008
617,12356183,0,0,7,3,1.0,1.0,219,204.43273983136314
618,2722165,9,0,7,4,2.0,2.0,299,260.4416815312485
622,14222649,0,1,7,2,1.0,1.0,93,150.56865059433903
629,369880,0,0,21,4,1.0,2.0,140,182.1292176681483
640,4553903,0,0,21,3,1.0,2.0,125,181.84931943798736
650,14104621,0,0,21,2,1.0,1.0,200,166.502165350143
656,13248823,0,0,21,2,0.0,1.0,210,149.51443923440704
661,14282764,0,0,30,4,1.0,1.0,149,180.96468875995242
662,13709092,0,0,21,2,0.0,1.0,115,149.51443923440704
664,14035943,0,0,21,8,3.0,5.0,399,264.3088214369554
667,766700,0,0,21,2,1.0,1.0,125,166.502165350143
668,13005579,0,0,21,4,2.0,2.0,310,214.8825512641411
669,3434614,0,0,21,3,1.0,1.0,160,170.77124612779718
671,4518100,0,1,21,4,1.0,2.0,175,135.5529862805397
675,2043541,0,0,21,6,2.0,3.0,195,239.78443248899117
677,9750460,0,0,21,4,2.0,2.0,300,214.8825512641411
679,815639,0,0,21,2,1.0,1.0,125,166.502165350143
680,6089865,0,0,21,2,1.0,1.0,125,166.502165350143
685,4924910,0,0,30,2,1.0,1.0,165,164.37253811656197
689,10836881,0,1,21,2,1.0,1.0,80,119.92593396253442
690,9610609,0,0,21,5,2.0,2.0,160,216.93727254423735
698,4350995,9,0,21,2,1.0,1.0,250,176.21283651108652
699,6971836,0,0,21,3,1.0,1.0,250,170.77124612779718
701,3664031,0,0,21,4,2.0,2.0,180,214.8825512641411
703,4089940,0,0,21,2,1.0,1.0,249,166.502165350143
705,11624428,0,0,21,4,1.0,4.0,300,207.32750316788213
708,14572511,0,0,21,4,1.0,2.0,250,182.1292176681483
711,14780436,0,0,21,2,1.0,1.0,225,166.502165350143
716,7018497,0,0,21,4,2.0,2.0,200,214.8825512641411
718,6134145,0,0,21,4,2.0,2.0,380,214.8825512641411
719,8556025,0,0,21,4,2.0,2.0,220,214.8825512641411
724,1094599,8,0,21,6,2.0,3.0,239,237.4540983752498
729,9344096,0,0,21,6,3.0,3.0,175,254.66904451307005
731,12784064,4,0,21,6,2.0,4.0,225,220.84309228237856
732,8458210,0,0,21,6,2.0,2.0,325,220.22200051440808
733,2183058,0,0,21,4,1.0,1.0,175,171.05114435795812
743,7080514,0,1,21,2,1.0,1.0,130,119.92593396253442
748,8390793,0,1,21,1,1.0,1.0,50,79.2492224202756
752,8227206,0,0,21,2,1.0,1.0,275,166.502165350143
753,4573458,0,0,21,4,2.0,3.0,139,234.44498323872423
757,6801288,0,2,21,1,1.0,1.0,72,64.62780501077343
763,11223924,0,0,21,4,1.0,1.0,195,171.05114435795812
768,7454907,0,0,21,4,2.0,2.0,185,214.8825512641411
769,13258244,0,1,30,1,1.0,1.0,35,70.01723266307076
771,12494334,0,0,30,2,1.0,1.0,145,164.37253811656197
773,13653233,0,0,23,6,3.0,3.0,209,259.772049920018
776,2473997,8,1,23,5,1.0,2.0,79,81.06491194584659
778,14300921,0,2,23,2,1.0,1.0,41,74.26456442839834
780,5506,8,1,23,2,1.0,1.0,145,75.55746909549386
783,5717690,0,0,23,4,1.0,2.0,167,169.87614863258005
784,10190260,4,1,23,1,1.0,1.0,75,83.11037659770076
794,14756269,0,0,23,5,2.0,2.0,225,223.8673688445695
795,12351909,0,0,23,4,0.0,1.0,109,142.21196992037608
803,8402408,0,1,26,2,1.0,1.0,95,129.57261111917182
817,1403408,0,1,23,2,1.0,1.0,90,88.88598183790046
818,9614024,0,0,30,2,0.0,1.0,94,149.20157804500093
830,10249798,8,1,23,1,1.0,1.0,78,57.42195187248676
834,5269216,0,0,23,6,3.0,3.0,300,259.772049920018
835,9166393,8,1,23,2,1.0,1.0,60,75.55746909549386
841,14428745,0,0,23,6,2.0,5.0,120,253.62885524746736
850,13796564,8,1,23,2,1.0,1.0,75,75.55746909549386
851,3727560,8,1,23,2,1.0,3.0,120,99.81041889820051
858,5970118,8,1,30,2,1.0,1.0,150,88.5901642080637
859,14473053,0,0,30,4,2.0,2.0,209,238.27650044455393
865,4560053,0,0,23,6,3.0,3.0,250,259.772049920018
866,14426987,0,1,30,4,1.0,3.0,120,145.61177617271898
869,1602491,8,1,23,2,1.0,1.0,70,75.55746909549386
876,8310807,8,1,23,1,1.0,1.0,99,57.42195187248676
882,13077603,0,1,30,1,1.0,1.0,35,70.01723266307076
900,8495348,8,1,30,2,1.0,1.0,100,88.5901642080637
905,1197857,0,0,23,4,1.0,2.0,167,169.87614863258005
908,163941,0,0,23,6,2.0,3.0,225,248.1132017200791
909,11011124,0,1,23,1,1.0,1.0,50,58.696581235417774
912,1638584,0,1,23,1,1.0,1.0,79,58.696581235417774
919,1183032,0,0,26,2,1.0,1.0,150,185.99323484099887
924,1044307,0,0,26,2,0.0,1.0,275,164.7018823071134
925,11856912,0,0,26,4,2.0,2.0,185,244.1267663473469
926,6992859,0,0,26,4,1.0,1.0,399,197.67765478331256
927,3969526,0,0,26,4,2.0,2.0,255,244.1267663473469
934,8193344,4,1,26,2,1.0,1.0,125,138.79315958558044
938,7954808,4,0,26,4,2.0,2.0,299,232.89642452829835
941,8575476,0,0,26,2,0.0,1.0,215,164.7018823071134
947,7540480,0,0,26,4,1.0,2.0,175,208.75572809350274
948,14918869,0,2,30,1,1.0,1.0,60,55.395815253568635
950,8988506,0,0,26,6,2.0,3.0,234,266.29720312130854
951,7634365,0,0,26,4,2.0,2.0,329,244.1267663473469
952,7358714,0,0,26,4,1.0,2.0,209,208.75572809350274
954,8518665,0,0,26,4,1.0,2.0,169,208.75572809350274
958,12287958,0,0,26,2,0.0,1.0,215,164.7018823071134
963,9731479,0,0,26,4,2.0,2.0,195,244.1267663473469
967,8082512,0,0,26,2,0.0,1.0,137,164.7018823071134
971,8846202,0,0,26,2,1.0,1.0,185,185.99323484099887
973,13171246,0,0,26,4,2.0,2.0,200,244.1267663473469
977,8206536,0,0,26,2,0.0,1.0,150,164.7018823071134
981,8992733,0,1,26,1,1.0,1.0,120,93.2357901178283
989,225224,8,1,26,1,1.0,1.0,98,98.9948478344974
993,12890156,0,0,30,4,1.0,1.0,149,180.96468875995242
995,2372987,0,0,26,2,1.0,1.0,164,185.99323484099887
997,3601030,0,0,26,3,1.0,2.0,250,207.7022049291442
1000,4860853,0,0,26,2,0.0,1.0,225,164.7018823071134
1001,5532549,0,0,26,6,2.0,3.0,250,266.29720312130854
1002,8631257,9,1,26,1,1.0,1.0,50,122.6370388066067
1003,9663423,4,0,30,3,1.0,1.0,115,164.08364718719758
1016,4742275,0,0,26,2,0.0,1.0,120,164.7018823071134
1019,9611852,0,0,30,2,0.0,1.0,197,149.20157804500093
1024,5058148,0,0,26,2,1.0,1.0,160,185.99323484099887
1028,585148,0,0,26,2,1.0,1.0,225,185.99323484099887
1033,11902134,0,0,26,6,2.0,2.0,300,245.3360982159693
1043,8371115,0,0,26,2,1.0,1.0,178,185.99323484099887
1047,11041684,0,0,26,2,0.0,1.0,129,164.7018823071134
1048,13378923,11,0,26,2,0.0,1.0,160,157.46263942532028
1054,9430774,9,0,26,2,1.0,1.0,100,198.1505504939124
1059,12508801,0,0,26,2,1.0,2.0,200,197.07130815118904
1065,6677700,0,0,26,4,2.0,2.0,210,244.1267663473469
1066,8316068,4,1,26,2,1.0,1.0,110,138.79315958558044
1067,8381472,0,0,26,4,2.0,2.0,400,244.1267663473469
1070,6038520,0,0,26,2,1.0,1.0,200,185.99323484099887
1072,8200839,4,1,26,2,1.0,1.0,110,138.79315958558044
1077,2549840,0,0,26,8,3.0,4.0,417,270.0985773827623
1079,4364989,0,0,26,4,1.0,2.0,175,208.75572809350274
1083,6758443,0,0,26,2,1.0,1.0,150,185.99323484099887
1084,6758462,0,0,26,2,0.0,1.0,137,164.7018823071134
1095,1119740,0,0,26,2,0.0,1.0,186,164.7018823071134
1100,7920541,4,0,26,4,1.0,2.0,179,202.66179373271441
1104,5593888,0,1,30,2,1.0,1.0,89,106.35405366441431
1105,9706279,0,1,30,1,1.0,1.0,80,70.01723266307076
1107,7592616,0,0,26,2,1.0,1.0,140,185.99323484099887
1108,826555,0,0,26,4,1.0,2.0,84,208.75572809350274
1110,13605430,4,0,26,2,2.0,1.0,250,200.05338826941718
1111,10656206,0,0,26,4,2.0,2.0,200,244.1267663473469
1112,14486599,0,1,26,2,1.0,1.0,99,129.57261111917182
1118,989163,0,0,26,2,1.0,1.0,170,185.99323484099887
1121,12916551,0,0,26,6,1.0,2.0,159,206.38188297263395
1123,7755144,0,0,30,3,1.0,1.0,225,178.52144471294898
1127,6134013,8,1,26,2,1.0,1.0,120,123.27778545636527
1128,14522631,0,0,26,4,1.0,2.0,139,208.75572809350274
1129,4461846,0,0,26,2,0.0,1.0,147,164.7018823071134
1133,7575052,0,0,26,4,1.0,2.0,200,208.75572809350274
1136,12587887,0,0,26,4,2.0,2.0,279,244.1267663473469
1137,1038465,8,1,26,1,1.0,1.0,135,98.9948478344974
1141,2495047,0,0,26,2,0.0,1.0,160,164.7018823071134
1144,9446242,0,1,26,1,1.0,1.0,150,93.2357901178283
1145,9474436,0,0,30,2,1.0,1.0,228,164.37253811656197
1149,7901248,0,0,26,3,1.0,1.0,161,196.624131618954
1150,14094279,0,1,30,2,1.0,1.0,149,106.35405366441431
1153,2215762,0,0,26,2,1.0,1.0,185,185.99323484099887
1165,8096900,0,0,26,4,2.0,1.0,160,232.2204390106177
1166,6426364,0,0,26,4,1.0,1.0,200,197.67765478331256
1167,4787233,0,0,26,4,2.0,2.0,200,244.1267663473469
1169,12094488,4,0,26,2,2.0,2.0,350,208.533955335445
1170,8211468,0,0,26,2,1.0,1.0,139,185.99323484099887
1172,12290886,0,0,26,4,1.0,2.0,215,208.75572809350274
1177,4609785,0,1,26,2,1.0,1.0,75,129.57261111917182
1179,5834930,0,1,26,2,1.0,1.0,125,129.57261111917182
1182,1401625,0,0,26,2,1.0,1.0,255,185.99323484099887
1188,5588537,0,0,26,2,2.0,1.0,200,205.4923168533779
1189,10656899,0,1,26,2,1.0,1.0,119,129.57261111917182
1192,13912472,0,0,30,4,1.0,2.0,254,192.0427620701426
1200,9487079,0,0,26,2,0.0,1.0,106,164.7018823071134
1207,14489201,0,0,26,2,0.0,1.0,165,164.7018823071134
1209,1425973,8,1,26,6,1.0,3.0,350,166.7332686696826
1212,639101,1,1,26,2,1.0,1.0,299,145.27295808770492
1213,9207914,0,0,26,4,1.0,2.0,130,208.75572809350274
1215,11927580,0,0,26,4,1.0,2.0,250,208.75572809350274
1222,8782991,0,0,26,2,1.0,1.0,140,185.99323484099887
1232,442735,0,0,26,5,2.0,3.0,250,263.01247515113766
1238,10634364,0,0,26,4,1.0,1.0,149,197.67765478331256
1239,543078,0,0,1,4,2.0,2.0,379,292.01762520581826
1240,12290477,0,0,1,4,1.0,2.0,136,235.62411621835494
1246,3182473,0,0,30,2,1.0,1.0,259,164.37253811656197
1247,4887325,0,1,1,1,1.0,1.0,100,120.1541615253592
1251,9824,0,0,1,2,0.0,1.0,209,174.92904486290584
1257,716643,0,0,1,4,2.0,2.0,349,292.01762520581826
1263,4948724,0,0,1,4,1.0,1.0,249,219.61981519045534
1268,7749568,0,0,1,4,1.0,1.0,150,219.61981519045534
1269,10037387,0,0,1,4,2.0,2.0,239,292.01762520581826
1270,14040844,0,0,1,3,0.0,1.0,160,184.13248981632452
1275,6908525,0,0,1,2,0.0,1.0,160,174.92904486290584
1282,7474044,0,0,1,2,0.0,1.0,148,174.92904486290584
1284,8410270,0,0,1,2,1.0,1.0,160,208.20704290708684
1289,8663351,0,0,1,3,0.0,2.0,160,190.76496690316114
1291,13729738,0,1,30,3,1.0,2.0,130,131.58103357099148
1292,4603803,0,1,1,2,1.0,1.0,100,160.88509200621283
1295,12304165,0,1,1,2,1.0,1.0,105,160.88509200621283
1296,6323935,0,0,1,2,1.0,1.0,185,208.20704290708684
1304,13466910,0,0,30,6,2.0,4.0,350,241.35614146300193
1307,6552654,0,0,1,2,1.0,1.0,180,208.20704290708684
1309,1264217,0,0,1,3,1.0,1.0,165,219.3399169602944
1311,48612,0,0,1,5,2.0,2.0,375,294.0723464859144
1315,1964878,0,0,1,5,2.0,3.0,363,315.6321935388513
1318,13592,0,0,1,4,2.0,2.0,359,292.01762520581826
1320,10811,4,0,1,2,0.0,1.0,165,168.326862268802
1321,7731797,13,0,1,2,0.0,1.0,199,171.8407156827717
1329,2374089,0,0,1,2,0.0,1.0,195,174.92904486290584
1331,9238963,0,0,1,3,0.0,1.0,110,184.13248981632452
1333,10860611,0,1,1,2,1.0,1.0,120,160.88509200621283
1335,7125052,0,1,1,2,1.0,1.0,275,160.88509200621283
1344,1717816,0,0,1,2,1.0,1.0,99,208.20704290708684
1353,9809914,0,0,30,7,1.0,3.0,105,177.97388647120127
1361,7860369,0,1,1,2,1.0,1.0,210,160.88509200621283
1362,11905849,0,0,1,2,1.0,1.0,207,208.20704290708684
1365,12626504,0,0,1,2,1.0,1.0,190,208.20704290708684
1370,14603013,4,0,1,2,0.0,1.0,170,168.326862268802
1371,13872339,0,0,1,4,2.0,2.0,329,292.01762520581826
1372,12020829,0,0,1,4,2.0,2.0,297,292.01762520581826
1373,1776190,0,0,1,2,1.0,1.0,349,208.20704290708684
1376,13674964,0,1,1,2,1.0,1.0,179,160.88509200621283
1378,8497555,0,0,30,4,0.0,2.0,139,164.948189188473
1382,1811776,0,0,1,2,1.0,2.0,189,224.21134393498644
1388,11462476,0,0,1,2,1.0,1.0,200,208.20704290708684
1389,10266397,0,0,1,2,1.0,1.0,249,208.20704290708684
1392,14147343,0,1,1,2,1.0,1.0,102,160.88509200621283
1393,8822499,0,0,30,3,1.0,1.0,200,178.52144471294898
1396,9725178,0,0,1,2,1.0,1.0,205,208.20704290708684
1404,13017460,0,0,1,2,1.0,1.0,232,208.20704290708684
1405,4516065,0,0,1,3,1.0,2.0,298,235.344217988194
1414,7740436,0,0,26,2,0.0,1.0,175,164.7018823071134
1417,12263690,0,0,1,5,2.0,2.0,319,294.0723464859144
1420,4777111,9,0,1,2,0.0,1.0,160,179.66869626780743
1423,13589343,4,0,30,3,0.0,1.0,159,142.51072496677398
1429,10542140,0,0,1,4,2.0,2.0,350,292.01762520581826
1430,11885148,0,0,1,2,1.0,1.0,325,208.20704290708684
1444,14367134,9,0,1,3,0.0,2.0,100,193.0693149097167
1450,2331886,0,0,1,2,1.0,1.0,225,208.20704290708684
1451,12489916,0,0,1,4,2.0,2.0,281,292.01762520581826
1454,14423004,0,0,1,5,2.0,2.0,119,294.0723464859144
1459,12914154,0,0,30,3,1.0,2.0,120,189.59951802313915
1460,414419,9,0,1,4,1.0,1.0,175,237.39094082669556
1464,6991310,0,0,1,4,2.0,2.0,250,292.01762520581826
1465,14422695,0,0,1,5,2.0,2.0,119,294.0723464859144
1466,5903001,0,0,1,4,1.0,1.0,325,219.61981519045534
1470,14085771,0,0,1,4,1.0,1.0,310,219.61981519045534
1471,1234740,0,0,1,4,2.0,2.0,389,292.01762520581826
1473,13391640,0,0,30,2,0.0,1.0,200,149.20157804500093
1479,9252183,0,0,1,2,0.0,1.0,160,174.92904486290584
1489,12865092,0,0,1,6,1.0,3.0,100,251.93854656734808
1492,14552102,0,0,1,5,2.0,2.0,279,294.0723464859144
1494,10881994,0,0,30,6,1.0,2.0,207,183.46927098971756
1499,13110631,0,0,1,3,0.0,2.0,130,190.76496690316114
1511,9504314,0,1,1,2,1.0,1.0,300,160.88509200621283
1513,13912470,0,0,30,4,1.0,2.0,256,192.0427620701426
1514,13912467,0,0,30,5,1.0,3.0,296,200.9267097429855
1527,4080849,0,0,1,4,1.0,1.0,250,219.61981519045534
1540,1589392,0,0,1,2,0.0,1.0,130,174.92904486290584
1547,13926704,0,1,11,1,1.0,1.0,48,58.108163956868815
1549,5940866,8,1,11,2,1.0,1.0,75,87.77127201053655
1556,7634067,0,2,11,2,1.0,1.0,50,73.04643060969296
1567,12580274,0,1,11,1,1.0,1.0,65,58.108163956868815
1568,12891323,0,1,11,2,1.0,1.0,85,87.66784801919508
1569,11695285,0,0,11,4,2.0,2.0,215,196.29265341339183
1574,6614984,0,0,30,2,1.0,1.0,129,164.37253811656197
1578,2634361,8,1,11,3,1.0,2.0,68,88.37593757502093
1579,1141522,8,1,11,2,1.0,1.0,95,87.77127201053655
1584,11334091,0,1,11,1,1.0,1.0,75,58.108163956868815
1588,7678756,0,0,11,2,1.0,1.0,95,131.56931373829408
1591,12560987,4,0,11,6,3.0,3.0,99,198.74279569810975
1599,8514932,0,1,11,2,1.0,1.0,115,87.66784801919508
1603,7482338,0,1,25,2,1.0,1.0,83,127.04319702545665
1604,2634499,8,1,11,2,1.0,1.0,64,87.77127201053655
1606,5990808,0,0,11,4,2.0,3.0,189,214.66171169217094
1607,12233043,0,0,11,2,1.0,1.0,60,131.56931373829408
1611,13874533,0,0,11,2,1.0,1.0,133,131.56931373829408
1613,11593592,0,1,11,3,1.0,1.0,98,101.69487903085601
1619,10233104,0,0,11,2,1.0,1.0,60,131.56931373829408
1621,12051674,0,0,11,5,1.0,2.0,144,156.12762571378465
1627,13393418,0,0,11,4,1.0,2.0,135,154.63517510806693
1628,1042420,8,0,11,3,2.0,2.0,112,156.88857681440152
1629,6314998,8,1,30,3,1.0,2.0,68,91.6358465395134
1632,7035556,0,0,11,2,1.0,1.0,150,131.56931373829408
1634,10411383,0,0,11,5,2.0,2.0,250,198.34737469348804
1640,8166076,0,0,11,9,2.0,5.0,250,225.29054277752928
1643,10132073,0,0,30,2,1.0,1.0,150,164.37253811656197
1644,14522917,0,0,11,5,3.0,4.0,140,205.25900481847884
1645,8231382,0,0,11,3,0.0,2.0,99,114.67166221532862
1656,12308927,11,1,11,1,1.0,1.0,44,91.1075861177853
1662,9751520,0,0,30,2,1.0,1.0,70,164.37253811656197
1666,11618815,4,1,11,2,1.0,1.0,99,100.9128949335971
1670,3615760,0,0,11,2,1.0,1.0,110,131.56931373829408
1671,9390951,0,1,11,2,1.0,1.0,125,87.66784801919508
1675,12699603,8,0,11,4,2.0,2.0,225,176.7358093413481
1679,1066767,2,0,11,6,2.0,4.0,275,207.34693873321083
1680,4638356,8,1,11,2,1.0,1.0,85,87.77127201053655
1687,14533011,0,1,11,4,1.0,1.0,90,101.97477726101697
1688,4080000,8,1,11,3,1.0,2.0,72,88.37593757502093
1689,14844149,0,1,30,1,1.0,1.0,98,70.01723266307076
1711,8613870,0,1,5,3,1.0,2.0,150,146.17166180348678
1714,12825412,8,0,5,4,3.0,3.0,200,240.86678166335585
1715,14594810,8,0,5,2,1.0,1.0,249,183.51894429387042
1719,3721095,0,0,5,6,3.0,3.0,375,275.7803437447084
1721,4402259,0,0,5,2,0.0,2.0,175,145.79587619036346
1722,1223050,8,1,5,1,1.0,1.0,100,119.31065214846387
1726,14296152,8,1,5,1,1.0,1.0,55,119.31065214846387
1729,11837857,4,0,5,4,2.0,2.0,350,241.73467520310135
1731,11395461,0,0,5,2,0.0,1.0,300,148.68864199722157
1734,5628808,0,0,5,5,2.0,2.0,280,239.63372681312157
1737,13655073,0,0,5,4,1.0,2.0,150,193.7735109345217
1743,14292385,0,1,30,2,1.0,1.0,92,106.35405366441431
1746,13063952,0,1,5,2,1.0,1.0,55,133.1504653331318
1748,6378076,4,0,5,3,1.0,1.0,180,198.67525315756743
1749,14537320,4,0,30,3,1.0,1.0,210,164.08364718719758
1768,13830152,0,1,5,2,1.0,1.0,80,133.1504653331318
1769,5719606,0,0,5,3,2.0,2.0,330,223.72581386924438
1771,5620496,4,0,5,4,2.0,3.0,165,239.71188117329706
1778,1102623,0,1,5,2,1.0,1.0,125,133.1504653331318
1779,7472068,0,0,5,8,2.0,4.0,299,258.0109911668249
1782,4917583,0,0,28,4,1.0,2.0,185,199.39057332249743
1785,979759,0,0,28,4,2.0,2.0,310,234.09386108672493
1788,8696236,4,1,28,2,1.0,2.0,105,143.4421583601792
1789,8814479,0,0,28,5,2.0,3.0,146,249.35199791931853
1790,8191739,0,1,30,1,1.0,1.0,145,70.01723266307076
1796,4602191,0,0,28,5,2.0,3.0,395,249.35199791931853
1797,7596262,0,0,28,3,1.0,1.0,169,188.5706288401543
1805,9644312,0,1,2,2,1.0,1.0,95,146.32018251615196
1806,10118946,0,0,28,5,2.0,2.0,199,229.80075517874653
1807,10118379,0,0,28,3,1.0,1.0,169,188.5706288401543
1810,10052037,0,0,28,3,1.0,1.0,169,188.5706288401543
1813,10051649,0,0,28,5,2.0,2.0,199,229.80075517874653
1815,10051842,0,0,28,5,2.0,2.0,199,229.80075517874653
1816,7855702,0,0,28,5,2.0,2.0,199,229.80075517874653
1825,2769450,0,0,28,3,1.0,2.0,280,199.6487021503445
1834,13249829,0,0,2,4,2.0,2.0,128,263.41133792212287
1835,4900659,0,0,2,2,1.0,1.0,177,193.642133417026
1842,3377871,0,1,2,2,1.0,1.0,120,146.32018251615196
1843,59776,1,1,2,2,1.0,1.0,270,163.15723092772356
1844,6488924,0,1,2,1,1.0,1.0,150,108.96154891953559
1847,4718577,0,1,2,2,1.0,1.0,120,146.32018251615196
1849,13778731,0,0,2,3,1.0,1.0,275,200.18427175317606
1855,8732121,0,0,2,2,0.0,1.0,155,161.85835918024173
1856,2423613,0,1,2,1,1.0,1.0,85,108.96154891953559
1860,7092874,4,0,2,4,2.0,3.0,260,254.77975331256914
1861,13433475,0,0,30,8,2.0,3.0,267,256.7040238651168
1863,7911936,0,0,2,2,0.0,1.0,155,161.85835918024173
1864,2754975,0,0,2,4,1.0,2.0,250,216.4684710112366
1872,6600417,0,1,2,2,1.0,1.0,180,146.32018251615196
1873,10434883,0,0,2,2,0.0,1.0,209,161.85835918024173
1875,9844242,0,0,2,2,1.0,1.0,103,193.642133417026
1879,915272,0,0,30,3,1.0,1.0,175,178.52144471294898
1887,8384444,0,1,2,2,1.0,1.0,130,146.32018251615196
1889,2682662,0,0,2,2,0.0,1.0,200,161.85835918024173
1891,10611598,0,0,2,2,1.0,1.0,200,193.642133417026
1902,14872018,1,1,2,2,1.0,1.0,104,163.15723092772356
1905,13331733,0,0,30,6,1.0,3.0,200,195.0567695444416
1909,2862120,0,2,2,1,1.0,1.0,100,94.34013151003346
1910,6089196,0,0,2,2,1.0,1.0,200,193.642133417026
1913,9169272,0,0,2,2,1.0,1.0,130,193.642133417026
1916,13788865,0,0,30,2,0.0,1.0,150,149.20157804500093
1917,9857049,0,0,2,2,1.0,1.0,189,193.642133417026
1919,11906382,8,0,2,3,2.0,2.0,375,223.64131588198973
1921,3432321,0,0,30,2,0.0,1.0,220,149.20157804500093
1923,9464030,0,0,30,1,1.0,1.0,150,128.03571711521846
1926,10379031,0,0,2,2,1.0,1.0,275,193.642133417026
1931,7527864,0,1,30,2,1.0,1.0,150,106.35405366441431
1937,10855052,0,0,2,3,1.0,2.0,125,216.18857278107566
1945,6742905,0,0,2,2,0.0,2.0,99,168.49083626707835
1949,3873776,0,0,30,4,3.0,3.0,325,266.8519865606673
1951,13294558,0,0,30,6,2.0,3.0,250,252.65210212445936
1954,12738816,0,0,30,4,1.0,1.0,196,180.96468875995242
1958,2776143,0,0,30,3,0.0,2.0,99,163.12730491072625
1963,11016623,0,0,30,2,1.0,1.0,160,164.37253811656197
1985,10653150,4,0,30,4,2.0,2.0,160,216.33367400146716
1986,4787359,0,0,2,3,1.0,1.0,250,200.18427175317606
1989,7553969,0,0,2,2,0.0,1.0,140,161.85835918024173
1990,11701611,0,0,2,2,1.0,1.0,210,193.642133417026
1996,11306586,0,0,2,2,0.0,2.0,150,168.49083626707835
1999,14124430,0,0,2,7,2.0,3.0,250,275.28059818038554
2005,1886037,0,0,2,4,2.0,2.0,230,263.41133792212287
2015,6554785,0,0,2,2,0.0,1.0,160,161.85835918024173
2016,2998554,0,0,2,6,2.0,3.0,135,291.0873624767225
2022,8170181,0,0,30,3,1.0,1.0,200,178.52144471294898
2023,3068453,0,0,27,3,0.0,1.0,133,200.22436686372933
2029,4021522,0,0,30,4,2.0,2.0,329,238.27650044455393
2030,9905304,0,0,7,6,2.0,2.0,375,258.3986554399137
2032,10742655,0,1,9,8,1.0,2.0,70,195.23376753872697
2034,3653207,0,0,27,2,1.0,1.0,250,206.69385925712407
2038,12211821,0,0,27,3,0.0,2.0,158,201.93061623285652
2039,2747654,0,0,27,3,0.0,1.0,150,200.22436686372933
2053,4275846,0,0,27,2,0.0,1.0,150,191.52289918556306
2055,8814532,0,0,28,5,2.0,3.0,153,249.35199791931853
2061,14122467,13,0,10,2,1.0,1.0,190,218.43541960231752
2063,9796309,12,1,13,4,1.0,1.0,100,183.24304271853583
2064,14351036,0,1,30,3,1.0,2.0,80,131.58103357099148
2067,9680953,0,0,28,5,1.0,1.0,135,183.45712342995034
2069,13793578,10,0,13,4,1.0,1.0,250,260.66925185531096
2081,4977034,9,0,18,4,2.0,2.0,400,209.32499016481552
2083,8696200,0,2,28,2,1.0,2.0,103,127.95094859521431
2084,8302844,0,0,2,4,0.0,2.0,107,172.76108396434384
2087,8792552,0,0,10,7,2.0,4.0,265,287.88775656133123
2090,4190704,0,0,10,3,0.0,1.0,220,208.22107661224211
2093,13652746,0,0,27,2,1.0,1.0,209,206.69385925712407
2094,8563141,0,0,10,4,2.0,2.0,285,292.13611111395517
2095,6924700,0,0,10,4,1.0,2.0,265,250.47863280863038
2098,665035,0,0,28,3,1.0,1.0,249,188.5706288401543
2100,9218288,0,0,2,2,1.0,1.0,325,193.642133417026
2101,12232615,0,1,10,2,1.0,1.0,250,181.73805725487617
2111,13836832,0,0,30,4,2.0,2.0,199,238.27650044455393
2118,10117122,0,0,7,5,2.0,2.0,199,254.33719921834734
2120,2547075,0,0,9,2,0.0,1.0,150,185.28576179834246
2122,891953,0,0,9,3,1.0,1.0,175,234.8146837845858
2126,8837755,0,0,1,4,2.0,2.0,275,292.01762520581826
2129,10705351,0,1,30,5,1.0,2.0,125,131.32072673611378
2131,13113748,0,1,28,1,1.0,1.0,390,95.15747169318271
2132,14653823,0,0,18,3,0.0,2.0,160,116.94029602917486
2134,12752020,0,0,28,3,0.0,1.0,240,171.47023966880442
2139,38579,0,0,28,4,2.0,2.0,299,234.09386108672493
2142,4303606,1,1,27,2,1.0,1.0,115,165.97358250383013
2145,70481,0,0,2,2,1.0,1.0,175,193.642133417026
2149,11440702,0,0,28,4,1.0,2.0,200,199.39057332249743
2154,1596470,8,0,1,6,2.0,4.0,375,311.5237625589968
2155,8097903,0,0,28,4,2.0,2.0,329,234.09386108672493
2162,13275308,0,0,13,6,2.0,3.0,375,295.3886592221188
2170,14420163,0,0,7,5,2.0,2.0,119,254.33719921834734
2171,13812075,0,0,30,2,1.0,1.0,140,164.37253811656197
2180,2573685,0,0,28,4,1.0,2.0,249,199.39057332249743
2181,7832890,0,0,2,2,0.0,1.0,155,161.85835918024173
2186,12987348,0,0,13,6,2.0,3.0,375,295.3886592221188
2187,8340072,0,0,10,4,1.0,2.0,225,250.47863280863038
2189,12815192,0,0,2,2,1.0,1.0,175,193.642133417026
2190,7914359,0,0,10,6,2.0,3.0,365,314.99048151912547
2202,9364092,0,0,12,2,1.0,1.0,158,189.39441418031907
2209,14608495,0,1,30,1,1.0,1.0,85,70.01723266307076
2210,8925974,0,0,12,4,2.0,3.0,375,290.9033470957279
2211,8552387,4,0,1,4,1.0,2.0,225,227.70305343823696
2212,14660851,0,0,12,2,1.0,1.0,100,189.39441418031907
2213,7211531,0,1,12,2,1.0,1.0,67,119.91759819674638
2217,4577188,0,0,12,4,1.0,2.0,127,224.32577426853646
2221,14486237,0,0,12,3,1.0,1.0,300,208.01419834942237
2228,9125711,0,0,30,2,1.0,1.0,99,164.37253811656197
2234,5684346,0,0,30,3,1.0,2.0,155,189.59951802313915
2235,2243499,0,0,12,3,1.0,2.0,285,224.04587603837552
2239,7650016,0,0,12,2,0.0,1.0,130,145.9801630936634
2242,13073078,0,1,30,2,1.0,1.0,60,106.35405366441431
2245,12630619,0,0,12,3,1.0,2.0,140,224.04587603837552
2246,6453686,0,0,12,2,0.0,1.0,140,145.9801630936634
2248,12826881,0,1,12,1,1.0,1.0,75,87.2397779119478
2253,14595735,0,1,12,2,1.0,1.0,125,119.91759819674638
2256,9041513,0,0,12,4,1.0,2.0,219,224.32577426853646
2265,13449049,0,0,12,3,1.0,1.0,140,208.01419834942237
2266,6894734,0,1,30,1,1.0,1.0,60,70.01723266307076
2278,12446656,0,2,12,2,1.0,1.0,80,105.2961807872443
2282,4109165,0,0,30,3,1.0,1.0,219,178.52144471294898
2287,5990896,0,2,12,1,1.0,1.0,85,72.61836050244568
2288,13147585,0,2,12,2,1.0,1.0,60,105.2961807872443
2292,14662927,0,1,12,3,1.0,1.0,83,138.53738236584968
2294,9367059,0,0,12,10,1.0,16.0,229,264.27258820910777
2298,13397201,0,0,30,2,1.0,1.0,175,164.37253811656197
2299,1141888,8,1,12,3,1.0,1.0,149,111.67596587281923
2300,14873137,0,0,12,2,0.0,1.0,200,145.9801630936634
2305,716512,0,0,12,4,2.0,2.0,349,271.3409151211444
2307,4565470,0,0,12,5,2.0,3.0,279,292.95806837582404
2311,9855,0,0,12,3,1.0,1.0,259,208.01419834942237
2315,14360470,0,1,12,1,1.0,1.0,70,87.2397779119478
2316,6446940,0,1,12,2,1.0,1.0,98,119.91759819674638
2317,7869497,0,0,12,3,1.0,1.0,349,208.01419834942237
2319,6790961,0,0,12,5,2.0,2.0,319,273.39563640124055
2323,14823724,0,0,1,6,1.0,2.0,200,238.15711673052638
2329,12854553,0,1,12,2,1.0,2.0,75,135.94927588569954
2331,2663667,0,0,12,4,0.0,2.0,155,168.98791037177224
2333,12592117,0,0,12,8,2.0,3.0,299,299.4405809627761
2335,11985521,0,0,12,3,1.0,1.0,169,208.01419834942237
2338,13083058,0,0,12,2,0.0,1.0,120,145.9801630936634
2347,13018428,0,0,12,4,2.0,2.0,315,271.3409151211444
2349,8184007,0,0,12,5,2.0,2.0,319,273.39563640124055
2351,11788394,0,1,12,2,1.0,1.0,220,119.91759819674638
2352,13017162,0,0,12,3,1.0,1.0,199,208.01419834942237
2354,12870514,0,0,12,3,1.0,1.0,238,208.01419834942237
2361,6015021,0,0,12,3,1.0,1.0,169,208.01419834942237
2366,4644069,0,1,12,2,1.0,1.0,110,119.91759819674638
2372,7362715,0,2,30,2,1.0,2.0,79,102.81070956510234
2385,7869368,0,0,12,3,1.0,1.0,349,208.01419834942237
2402,8081935,0,0,12,3,1.0,1.0,169,208.01419834942237
2404,9180965,0,1,12,1,1.0,1.0,159,87.2397779119478
2408,10211649,0,0,12,4,1.0,2.0,120,224.32577426853646
2409,14553190,0,0,12,4,0.0,1.0,275,162.32805662388208
2411,14553171,0,0,12,2,1.0,1.0,170,189.39441418031907
2418,8097453,0,0,12,3,1.0,1.0,169,208.01419834942237
2429,8670336,0,0,30,7,2.0,3.0,115,236.8453378281223
2440,6324649,0,1,12,2,1.0,1.0,115,119.91759819674638
2445,13994056,0,1,12,2,1.0,1.0,89,119.91759819674638
2450,14595823,0,1,30,2,1.0,1.0,89,106.35405366441431
2453,13714817,1,1,12,2,1.0,1.0,175,135.61794516527948
2456,5259996,0,0,12,3,2.0,2.0,245,257.48772345736353
2458,13435185,0,1,12,2,1.0,1.0,63,119.91759819674638
2460,11454147,0,0,12,2,1.0,1.0,209,189.39441418031907
2461,5834413,0,0,12,5,2.0,2.0,199,273.39563640124055
2462,10995355,0,0,12,2,0.0,1.0,96,145.9801630936634
2464,14533117,0,2,12,1,1.0,1.0,50,72.61836050244568
2465,12796034,8,0,12,3,1.0,3.0,190,200.54225413449765
2466,11583581,0,1,12,2,1.0,1.0,70,119.91759819674638
2470,8325030,0,0,12,5,2.0,2.0,319,273.39563640124055
2473,951473,0,0,12,3,1.0,1.0,309,208.01419834942237
2478,10552237,0,1,30,2,1.0,1.0,150,106.35405366441431
2480,9448243,0,0,12,2,1.0,1.0,289,189.39441418031907
2481,3309941,0,0,12,5,2.0,3.0,279,292.95806837582404
2483,196806,0,2,12,1,1.0,1.0,79,72.61836050244568
2486,13824970,0,0,0,2,1.0,1.0,198,119.99392785494626
2487,1815326,8,1,0,2,1.0,1.0,99,81.05527320771589
2489,7741566,0,1,0,2,1.0,1.0,79,75.45977018248736
2491,5739119,0,1,0,2,1.0,1.0,85,75.45977018248736
2493,5295491,0,1,0,2,1.0,1.0,145,75.45977018248736
2494,13993626,0,1,0,2,1.0,1.0,50,75.45977018248736
2496,8388481,8,1,0,2,1.0,1.0,79,81.05527320771589
2498,5406448,0,2,0,4,1.0,2.0,199,76.44595314351069
2500,12254831,0,1,0,2,1.0,1.0,55,75.45977018248736
2504,2555771,8,0,0,2,1.0,1.0,150,117.17102190756663
2507,11418599,0,1,30,2,1.0,1.0,70,106.35405366441431
2508,13584884,0,1,0,2,1.0,1.0,58,75.45977018248736
2509,12811191,0,1,30,2,1.0,1.0,70,106.35405366441431
2511,8224214,0,0,0,6,3.0,3.0,193,240.78272490455655
2524,11220522,0,1,0,4,1.0,1.0,53,84.54465108747843
2532,13478868,8,1,0,1,1.0,1.0,42,64.71691061112763
2533,13642655,4,1,0,1,1.0,1.0,30,89.75253153517292
2534,9989001,8,1,0,1,1.0,1.0,30,64.71691061112763
2541,12856007,0,1,30,2,1.0,1.0,55,106.35405366441431
2543,9256035,8,1,0,2,1.0,1.0,59,81.05527320771589
2545,13577929,4,1,30,1,1.0,1.0,200,90.7522304809155
2552,14250499,0,1,0,1,1.0,1.0,45,47.06752420642353
2554,12873438,8,0,0,6,3.0,6.0,190,230.9424150061693
2556,12052820,0,0,30,4,1.0,2.0,130,192.0427620701426
2558,13624929,0,1,0,3,1.0,1.0,227,84.26475285731748
2559,583255,0,0,0,2,1.0,1.0,184,119.99392785494626
2561,6954861,0,1,0,2,1.0,1.0,110,75.45977018248736
2565,11757251,8,1,0,1,1.0,1.0,30,64.71691061112763
2567,8461819,0,0,0,2,1.0,1.0,70,119.99392785494626
2568,466361,0,0,0,5,2.0,3.0,80,225.45761673448035
2573,3318814,8,1,0,2,1.0,1.0,75,81.05527320771589
2574,7840752,8,1,0,1,1.0,1.0,125,64.71691061112763
2575,11494020,0,0,0,2,0.0,1.0,89,94.58959001266163
2579,13674701,0,0,0,5,2.0,2.0,165,195.3887335524891
2581,11921486,0,1,30,2,1.0,1.0,90,106.35405366441431
2583,7509273,0,1,0,1,1.0,1.0,69,47.06752420642353
2587,13656969,8,1,0,1,1.0,1.0,40,64.71691061112763
2593,10607657,0,0,0,2,1.0,2.0,175,126.51664732048063
2599,13960193,0,1,0,1,1.0,1.0,38,47.06752420642353
2601,14473036,0,0,0,4,2.0,2.0,139,193.3340122723929
2603,2943893,0,0,0,2,1.0,2.0,99,126.51664732048063
2606,9410831,8,1,0,1,1.0,1.0,55,64.71691061112763
2611,1545185,8,0,0,5,1.0,2.0,140,112.17170187066336
2612,13333256,0,1,0,1,1.0,1.0,29,47.06752420642353
2618,14864858,0,0,0,6,5.0,5.0,195,291.2466186954449
2624,11035352,8,1,0,1,1.0,1.0,60,64.71691061112763
2626,7310887,0,0,0,5,3.0,4.0,285,221.4514235145358
2627,2526773,0,0,0,2,1.0,1.0,52,119.99392785494626
2630,8014950,0,0,0,3,1.0,2.0,115,135.3216299953108
2631,6119918,0,0,0,4,1.0,2.0,103,135.60152822547172
2633,14322546,0,0,0,6,0.0,1.0,130,104.34741158445527
2641,14912536,0,0,0,6,3.0,6.0,287,234.97306824229742
2642,9685102,0,1,0,2,1.0,2.0,65,81.98248964802177
2643,11569156,0,0,0,3,1.0,1.0,74,128.79891052977635
2645,7308811,0,0,0,4,1.0,1.0,100,129.0788087599373
2649,10835494,9,0,0,4,2.0,2.0,195,212.33533884567328
2651,3457722,0,0,0,8,3.0,4.0,250,231.18889479094403
2652,1327725,0,0,0,4,2.0,2.0,147,193.3340122723929
2653,3606396,0,0,0,4,1.0,2.0,150,135.60152822547172
2658,13374823,0,1,0,2,1.0,1.0,85,75.45977018248736
2659,1523772,0,0,0,1,1.0,1.0,120,91.60168187888243
2662,8962914,0,1,0,1,1.0,1.0,56,47.06752420642353
2664,4670285,8,1,0,2,1.0,1.0,65,81.05527320771589
2665,13960293,0,0,0,1,1.0,1.0,110,91.60168187888243
2669,962610,0,0,29,2,1.0,1.0,119,143.87719669994445
2670,14767573,11,1,6,1,1.0,1.0,75,138.78750738111393
2671,5270703,8,1,29,2,1.0,2.0,160,94.06724179672524
2674,1161210,8,1,29,4,1.0,4.0,60,105.96253102665366
2677,11662212,8,1,29,3,1.0,3.0,65,89.83596888930896
2678,14692682,8,1,29,4,1.0,3.0,100,98.27325379947797
2680,8265182,8,1,29,5,1.0,2.0,55,78.90677652799306
2681,601763,0,0,29,5,2.0,2.0,125,211.97780527303192
2683,10185866,0,0,29,2,2.0,2.0,120,186.1453061696199
2694,7854569,8,1,29,1,1.0,1.0,90,55.41861039497393
2695,10279083,0,1,29,2,1.0,1.0,80,95.65266056305208
2702,10964552,8,1,29,2,1.0,1.0,45,79.70154801684185
2703,13487348,8,1,29,2,1.0,2.0,60,94.06724179672524
2706,12618291,8,0,29,6,5.0,5.0,300,274.7437676823742
2707,14677678,8,0,29,6,3.0,4.0,250,204.10585474812248
2708,9340410,8,1,29,4,1.0,2.0,100,87.52244171105869
2711,7275018,8,0,29,3,2.0,2.0,100,156.49712652715
2714,13827734,8,1,16,2,1.0,1.0,105,81.17232990898458
2716,9550398,0,1,16,2,1.0,2.0,40,84.15928763760844
2718,13907143,0,1,16,2,1.0,1.0,47,76.64785777852708
2720,4698487,8,0,16,8,4.0,4.0,269,282.19644011290563
2723,3974503,8,1,30,2,1.0,1.0,65,88.5901642080637
2724,7497047,8,2,16,1,1.0,1.0,31,52.5184284938086
2726,8645254,8,1,16,1,1.0,1.0,45,61.453314856331914
2732,7840411,8,0,16,6,3.0,3.0,170,222.96948090378976
2737,8490356,8,1,30,1,1.0,1.0,75,64.30722658619584
2738,2886933,8,0,16,8,4.0,4.0,269,282.19644011290563
2746,8133752,8,1,8,2,1.0,1.0,75,75.55506642629948
2747,4828640,8,1,8,2,1.0,1.0,60,75.55506642629948
2749,2931271,8,1,30,8,1.0,5.0,169,151.4414449610909
2750,2931165,8,1,30,2,1.0,1.0,59,88.5901642080637
2752,9826706,0,0,8,2,0.0,1.0,75,85.74142926111851
2755,8761060,0,1,30,3,1.0,3.0,100,143.16853212571553
2756,6006328,0,0,30,5,2.0,2.0,65,236.1352202370513
2763,14242888,8,1,8,2,1.0,1.0,50,75.55506642629948
2765,14663819,8,1,19,1,1.0,1.0,50,61.938721632882185
2767,9047646,0,0,8,3,1.0,1.0,100,124.01409863874767
2774,14691657,8,0,30,1,1.0,1.0,45,113.9073020657354
2776,1510876,8,1,8,1,1.0,1.0,60,59.845586624009215
2777,5729203,8,1,30,1,1.0,1.0,75,64.30722658619584
2779,570493,8,1,8,4,1.0,2.0,125,69.08308758143157
2781,14092792,11,1,19,2,1.0,1.0,59,94.05398118295494
2790,5891012,0,2,8,1,1.0,1.0,60,32.0006734023285
2792,11410652,0,0,8,4,2.0,2.0,250,167.97924405442512
2795,179245,8,1,8,2,1.0,1.0,70,75.55506642629948
2796,1732804,0,1,8,2,1.0,1.0,80,74.38545399359646
2798,3788075,8,1,8,4,1.0,1.0,81,64.57591072860323
2799,14682145,0,2,30,1,1.0,1.0,25,55.395815253568635
2803,7356415,8,1,8,6,1.0,4.0,325,115.96741048786318
2804,10764250,8,0,8,6,3.0,3.0,84,184.7911229235829
2809,31796,8,1,8,4,1.0,2.0,65,69.08308758143157
2811,179244,8,1,8,2,1.0,1.0,70,75.55506642629948
2820,3193484,0,1,30,1,1.0,1.0,70,70.01723266307076
2830,1112067,8,1,8,2,1.0,1.0,73,75.55506642629948
2833,14710769,0,2,30,1,1.0,1.0,60,55.395815253568635
2834,7927765,0,1,8,2,1.0,1.0,105,74.38545399359646
2842,5371051,0,0,30,6,3.0,4.0,110,243.07202626665648
2849,12103501,0,1,30,1,1.0,1.0,34,70.01723266307076
2850,5991427,8,1,8,2,1.0,1.0,65,75.55506642629948
2855,13622776,0,0,8,3,1.0,2.0,85,125.23365502188277
2857,11389072,0,1,19,3,1.0,3.0,119,114.89767762909312
2860,1454258,1,1,30,2,1.0,1.0,100,122.05440063294746
2863,13578911,0,1,8,1,1.0,1.0,45,46.622090811830624
2864,3765014,0,1,8,1,1.0,1.0,49,46.622090811830624
2868,13168176,0,0,8,3,2.0,2.0,96,154.12605239064413
2870,4173285,4,1,8,1,1.0,1.0,89,81.5544230499743
2871,5844314,8,1,8,5,1.0,1.0,100,60.15624703313651
2875,8956962,0,1,30,2,1.0,1.0,95,106.35405366441431
2880,7006683,0,1,8,2,1.0,1.0,80,74.38545399359646
2882,13613812,0,1,8,2,1.0,2.0,135,75.60501037673146
2886,3057116,8,1,23,3,1.0,2.0,79,79.21063654798684
2887,7939556,0,1,8,2,1.0,1.0,100,74.38545399359646
2890,9887664,0,0,8,4,2.0,2.0,160,167.97924405442512
2891,13655923,0,1,8,2,1.0,1.0,60,74.38545399359646
2895,9332643,0,1,8,1,1.0,1.0,100,46.622090811830624
2898,12052292,0,1,8,2,1.0,1.0,44,74.38545399359646
2899,1112193,8,1,8,2,1.0,2.0,65,80.06224327912771
2906,4875342,8,1,30,2,1.0,1.0,75,88.5901642080637
2919,6627469,0,0,30,4,2.0,2.0,200,238.27650044455393
2923,14918425,0,0,8,9,3.0,5.0,160,201.09394453358436
2925,3415434,0,1,8,1,1.0,1.0,63,46.622090811830624
2927,826706,0,1,19,2,1.0,2.0,72,89.94076898284024
2928,3628320,0,0,8,5,2.0,2.0,130,170.03396533452135
2939,14539326,0,1,8,1,1.0,1.0,100,46.622090811830624
2947,6870485,0,1,8,1,1.0,1.0,65,46.622090811830624
2957,14822087,1,2,30,2,1.0,1.0,44,111.46633283354768
2959,4527029,0,1,8,1,1.0,1.0,46,46.622090811830624
2960,14093943,0,0,30,4,1.0,2.0,95,192.0427620701426
2965,3953472,0,0,30,6,2.0,3.0,144,252.65210212445936
2972,4494419,0,1,8,1,1.0,1.0,59,46.622090811830624
2977,10268223,8,1,8,2,1.0,1.0,60,75.55506642629948
2978,3641545,8,1,8,3,1.0,3.0,68,70.10435788436858
2981,1584362,8,1,8,3,1.0,2.0,63,62.809148488105045
2982,4503393,0,1,8,1,1.0,1.0,55,46.622090811830624
2985,3394437,8,0,8,6,3.0,3.0,300,184.7911229235829
2988,8523157,8,1,8,2,1.0,1.0,79,75.55506642629948
2991,6965516,8,1,8,1,1.0,1.0,73,59.845586624009215
2992,6655012,8,1,19,2,1.0,1.0,65,81.65773668553484
2993,12126299,0,0,8,6,3.0,3.0,275,196.27689684953287
2994,5048406,8,1,8,2,1.0,1.0,78,75.55506642629948
2996,1262443,0,1,8,2,1.0,1.0,39,74.38545399359646
2997,8161218,0,1,23,2,1.0,1.0,100,88.88598183790046
3000,8947232,0,1,30,1,1.0,1.0,60,70.01723266307076
3002,13687764,0,1,8,2,1.0,1.0,60,74.38545399359646
3004,13699440,0,0,8,4,2.0,2.0,175,167.97924405442512
3005,7246272,4,1,8,2,1.0,1.0,108,87.09085225626578
3006,6014302,8,1,8,2,1.0,1.0,65,75.55506642629948
3009,7292184,4,1,8,1,1.0,1.0,60,81.5544230499743
3015,13236936,0,1,8,1,1.0,1.0,55,46.622090811830624
3016,3539510,0,0,8,6,3.0,3.0,164,196.27689684953287
3030,14600925,0,1,30,1,1.0,1.0,36,70.01723266307076
3034,12593869,0,1,30,1,1.0,1.0,31,70.01723266307076
3039,10905777,4,0,25,2,1.0,2.0,200,184.27719278789266
3044,11648688,0,0,30,4,1.0,2.0,250,192.0427620701426
3045,13450880,0,1,30,2,1.0,2.0,149,117.4321269746045
3050,10050351,0,0,25,3,1.0,1.0,169,195.4365205214467
3058,4435883,0,0,30,3,0.0,2.0,175,163.12730491072625
3060,13218729,0,0,25,2,1.0,1.0,299,184.80562374349157
3067,13510994,0,0,25,2,1.0,1.0,295,184.80562374349157
3068,9218362,0,0,25,3,1.0,1.0,214,195.4365205214467
3074,10052824,0,0,25,6,3.0,3.0,279,280.1249326711864
3077,2564544,0,1,25,2,1.0,1.0,179,127.04319702545665
3081,10051623,0,0,25,5,2.0,2.0,199,244.2202515957382
3087,6609546,0,1,30,2,1.0,2.0,150,117.4321269746045
3091,10475848,0,0,25,5,2.0,3.0,361,265.18135650107723
3099,11275661,0,0,25,3,1.0,2.0,285,206.5145938316369
3100,10850420,0,0,25,2,0.0,1.0,190,170.77130721052333
3109,13813809,0,0,30,4,1.0,2.0,250,192.0427620701426
3111,13814175,0,0,30,4,1.0,2.0,250,192.0427620701426
3116,7929879,10,1,25,2,1.0,1.0,220,157.7550449885184
3119,11592067,0,0,25,5,2.0,2.0,240,244.2202515957382
3122,14873100,8,1,25,2,1.0,1.0,75,112.87014849326292
3123,6544642,0,0,30,2,0.0,1.0,175,149.20157804500093
3128,12581300,8,1,25,2,1.0,1.0,65,112.87014849326292
3129,6489209,8,2,25,2,1.0,1.0,75,103.93526213073959
3132,6151079,8,1,25,2,1.0,1.0,118,112.87014849326292
3136,5078127,4,0,25,5,2.0,2.0,300,232.24046775790364
3138,13188046,4,0,25,3,1.0,1.0,189,183.83298475034638
3142,8649257,4,0,25,4,2.0,2.0,99,223.05696562720624
3143,13294824,8,1,25,2,1.0,1.0,130,112.87014849326292
3146,14842237,0,0,30,4,2.0,2.0,225,238.27650044455393
3147,13924495,0,0,25,6,3.0,6.0,299,274.91401815652523
3155,1340649,4,1,25,1,1.0,1.0,100,114.27563559660895
3158,11757376,8,1,30,2,1.0,1.0,99,88.5901642080637
3159,4863101,8,1,25,2,1.0,1.0,130,112.87014849326292
3160,9237653,4,1,25,2,1.0,1.0,110,128.38552262247805
3161,4863108,8,1,25,2,1.0,1.0,125,112.87014849326292
3171,7713728,0,0,25,7,3.0,3.0,275,266.22188362116583
3173,14693220,0,0,25,3,1.0,1.0,150,195.4365205214467
3177,7746589,0,0,25,4,1.0,1.0,143,195.71641875160765
3180,13113079,4,1,25,2,1.0,1.0,120,128.38552262247805
3185,4287989,0,0,25,2,1.0,1.0,175,184.80562374349157
3187,4090224,8,0,25,10,3.0,3.0,225,252.714231908671
3188,11757166,8,1,30,2,1.0,1.0,69,88.5901642080637
3191,14591406,0,0,25,2,0.0,1.0,300,170.77130721052333
3195,13477535,8,1,30,2,1.0,1.0,98,88.5901642080637
3203,5727231,0,0,25,4,2.0,1.0,159,230.25920297891278
3204,2843596,0,1,25,1,1.0,1.0,103,90.70637602411314
3211,14426124,0,1,25,2,1.0,1.0,90,127.04319702545665
3213,9626428,4,0,25,4,2.0,2.0,280,223.05696562720624
3216,3415033,9,1,25,1,1.0,1.0,150,112.22940184350436
3217,5004278,0,0,25,2,1.0,1.0,175,184.80562374349157
3218,2135075,4,0,25,4,2.0,2.0,99,223.05696562720624
3219,646087,8,1,25,2,1.0,1.0,150,112.87014849326292
3221,13190410,11,0,25,14,5.0,8.0,299,319.6745529517635
3222,13671334,0,0,25,2,1.0,1.0,150,184.80562374349157
3230,2021489,4,1,25,3,1.0,1.0,200,135.59362762442058
3232,13605196,0,0,25,3,1.0,1.0,145,195.4365205214467
3237,6543678,0,0,25,3,2.0,2.0,150,228.31233865186098
3239,12835086,0,0,25,3,1.0,1.0,120,195.4365205214467
3241,13866156,4,0,25,2,1.0,1.0,159,176.62487974840386
3245,5019306,8,0,25,4,2.0,2.0,300,208.33221372006298
3251,6705513,0,1,30,1,1.0,1.0,96,70.01723266307076
3252,7475557,0,0,25,10,3.0,7.0,325,282.3499337286782
3257,11767622,4,1,25,2,1.0,1.0,118,128.38552262247805
3261,5590505,0,0,25,2,1.0,1.0,225,184.80562374349157
3264,11947150,4,1,25,2,1.0,1.0,125,128.38552262247805
3265,6310903,8,0,25,6,4.0,4.0,350,299.2353748256487
3267,5999291,0,0,25,2,1.0,1.0,150,184.80562374349157
3271,13864196,11,1,25,2,1.0,1.0,125,128.84445551832474
3281,4196643,0,0,25,6,3.0,3.0,99,280.1249326711864
3286,4261784,0,1,25,2,1.0,1.0,80,127.04319702545665
3293,4402209,8,1,0,2,1.0,1.0,100,81.05527320771589
3302,13795095,0,1,0,2,1.0,1.0,50,75.45977018248736
3304,4106372,0,0,0,7,2.0,3.0,260,213.7123086597099
3306,2114274,0,1,0,2,1.0,1.0,93,75.45977018248736
3308,7052171,8,1,0,1,1.0,1.0,39,64.71691061112763
3314,1839549,8,1,0,2,1.0,1.0,69,81.05527320771589
3318,6976414,0,1,30,2,1.0,1.0,88,106.35405366441431
3321,10253416,4,0,0,2,0.0,0.0,168,101.05206072475377
3325,9109401,4,0,0,6,3.0,3.0,350,223.77910620831156
3326,8552338,8,1,30,2,1.0,1.0,50,88.5901642080637
3327,11255643,0,1,0,3,1.0,2.0,70,90.78747232285188
3329,12628940,0,0,0,4,2.0,2.0,189,193.3340122723929
3331,14220964,8,1,30,2,1.0,1.0,72,88.5901642080637
3340,6728273,0,0,0,4,2.0,2.0,145,193.3340122723929
3342,5775139,12,1,0,2,1.0,1.0,70,101.28200151557348
3343,3898015,8,1,30,2,1.0,1.0,65,88.5901642080637
3347,14055887,8,1,0,1,1.0,1.0,45,64.71691061112763
3354,10724635,8,1,0,1,1.0,1.0,27,64.71691061112763
3364,9533193,0,1,0,2,1.0,1.0,58,75.45977018248736
3365,3897963,8,1,30,2,1.0,1.0,75,88.5901642080637
3369,3901439,8,1,0,2,1.0,1.0,67,81.05527320771589
3374,5762866,0,0,0,4,1.0,1.0,130,129.0788087599373
3375,13462519,8,1,0,2,1.0,1.0,130,81.05527320771589
3383,831744,0,0,0,3,1.0,1.0,295,128.79891052977635
3385,12655758,0,0,0,2,1.0,1.0,65,119.99392785494626
3386,8579799,0,0,0,4,1.0,1.0,175,129.0788087599373
3388,10809,0,1,0,4,1.0,2.0,100,91.06737055301284
3390,13019695,0,0,0,4,2.0,2.0,187,193.3340122723929
3391,10807,8,1,0,2,1.0,1.0,80,81.05527320771589
3393,10758,13,1,0,1,1.0,1.0,115,87.54796601650762
3396,12873268,0,0,0,5,2.0,2.0,175,195.3887335524891
3406,4351970,0,1,30,2,1.0,1.0,99,106.35405366441431
3407,14231514,0,1,0,1,1.0,1.0,60,47.06752420642353
3408,11528125,0,1,0,2,1.0,1.0,50,75.45977018248736
3413,5824015,0,1,0,2,1.0,1.0,50,75.45977018248736
3414,13822146,0,0,0,2,0.0,1.0,95,94.58959001266163
3420,11896394,0,0,30,2,1.0,2.0,105,175.45061142675215
3424,13443430,0,1,0,1,1.0,1.0,32,47.06752420642353
3425,13656292,0,0,0,6,3.0,3.0,199,240.78272490455655
3426,4710583,8,1,0,2,1.0,1.0,45,81.05527320771589
3428,13017064,4,0,0,4,2.0,2.0,179,193.34119534021076
3431,5858133,8,1,0,2,1.0,1.0,120,81.05527320771589
3439,8758450,0,1,0,2,1.0,1.0,85,75.45977018248736
3442,14484865,0,1,0,2,1.0,1.0,110,75.45977018248736
3450,9854083,8,1,0,1,1.0,1.0,20,64.71691061112763
3454,7575576,0,0,0,2,0.0,1.0,150,94.58959001266163
3459,9885963,8,1,0,1,1.0,1.0,33,64.71691061112763
3469,13685592,0,0,0,6,3.0,3.0,209,240.78272490455655
3472,12735138,8,1,0,1,1.0,1.0,45,64.71691061112763
3473,8607856,0,0,0,5,2.0,2.0,298,195.3887335524891
3474,12735111,8,0,30,1,0.0,1.0,55,99.14958069313053
3475,8034092,8,1,0,1,1.0,1.0,58,64.71691061112763
3476,4278873,8,1,0,2,1.0,1.0,80,81.05527320771589
3477,14340601,0,0,30,2,1.0,1.0,149,164.37253811656197
3479,13275579,0,1,0,4,1.0,2.0,60,91.06737055301284
3481,14651378,0,0,0,2,0.0,1.0,83,94.58959001266163
3486,14487262,0,0,0,4,2.0,2.0,199,193.3340122723929
3491,13782612,0,1,0,2,1.0,1.0,52,75.45977018248736
3492,3419711,8,1,0,2,1.0,1.0,70,81.05527320771589
3494,6089975,0,0,0,3,0.0,2.0,269,98.61603911217426
3496,7277653,0,1,0,2,1.0,1.0,70,75.45977018248736
3497,1529321,8,1,0,2,1.0,1.0,68,81.05527320771589
3498,9473811,0,0,0,5,2.0,2.0,200,195.3887335524891
3502,13996398,0,1,0,2,1.0,1.0,50,75.45977018248736
3507,8751275,0,1,0,2,1.0,1.0,59,75.45977018248736
3510,8029788,0,0,0,3,2.0,2.0,200,179.4808206086119
3511,1902160,0,1,0,1,1.0,1.0,72,47.06752420642353
3512,7783953,8,1,0,2,1.0,1.0,128,81.05527320771589
3513,7931331,0,0,0,6,2.0,3.0,269,229.51907295604673
3515,9570618,4,1,30,3,1.0,1.0,120,115.58823232715918
3522,9078482,0,1,0,2,1.0,1.0,45,75.45977018248736
3526,4964365,0,0,0,5,2.0,2.0,180,195.3887335524891
3532,7602994,0,1,0,1,1.0,1.0,28,47.06752420642353
3536,14026059,0,1,3,1,1.0,1.0,75,95.79183173651539
3539,4332035,0,0,30,3,1.0,2.0,272,189.59951802313915
3542,14902894,8,1,4,4,1.0,3.0,140,162.70953263935482
3548,14774426,6,1,24,2,1.0,1.0,80,85.08042430448461
3553,14874204,0,1,30,2,1.0,1.0,69,106.35405366441431
3554,14533848,8,1,30,4,1.0,2.0,125,100.0731314496824
3558,14592644,0,0,30,4,2.0,1.0,195,226.37017310782474
3559,12915510,2,1,30,7,1.0,5.0,229,155.05772338865626
3562,14881840,0,2,30,2,1.0,1.0,179,91.7326362549122
3567,14472678,0,0,15,10,5.0,5.0,259,329.639894875842
3574,14743129,11,1,6,1,1.0,1.0,68,138.78750738111393
3575,5280827,0,1,24,2,1.0,1.0,69,85.99935865676369
3581,14844274,0,1,30,2,1.0,1.0,150,106.35405366441431
3582,14585486,0,0,30,4,1.0,1.0,198,180.96468875995242
